ano,mes,mes_nome,bioma,total,total_acumulado
2003,1.0,janeiro,amazonia,3528.0,3528.0
2003,2.0,fevereiro,amazonia,1960.0,5488.0
2003,3.0,março,amazonia,3295.0,8783.0
2003,4.0,abril,amazonia,1179.0,9962.0
2003,5.0,maio,amazonia,2033.0,11995.0
2003,6.0,junho,amazonia,5810.0,17805.0
2003,7.0,julho,amazonia,10625.0,28430.0
2003,8.0,agosto,amazonia,25943.0,54373.0
2003,9.0,setembro,amazonia,28643.0,83016.0
2003,10.0,outubro,amazonia,11775.0,94791.0
2003,11.0,novembro,amazonia,10518.0,105309.0
2003,12.0,dezembro,amazonia,7858.0,113167.0
2004,1.0,janeiro,amazonia,2872.0,2872.0
2004,2.0,fevereiro,amazonia,1553.0,4425.0
2004,3.0,março,amazonia,1309.0,5734.0
2004,4.0,abril,amazonia,697.0,6431.0
2004,5.0,maio,amazonia,3275.0,9706.0
2004,6.0,junho,amazonia,7665.0,17371.0
2004,7.0,julho,amazonia,13245.0,30616.0
2004,8.0,agosto,amazonia,30179.0,60795.0
2004,9.0,setembro,amazonia,46587.0,107382.0
2004,10.0,outubro,amazonia,16148.0,123530.0
2004,11.0,novembro,amazonia,20035.0,143565.0
2004,12.0,dezembro,amazonia,13442.0,157007.0
2005,1.0,janeiro,amazonia,2023.0,2023.0
2005,2.0,fevereiro,amazonia,855.0,2878.0
2005,3.0,março,amazonia,806.0,3684.0
2005,4.0,abril,amazonia,1381.0,5065.0
2005,5.0,maio,amazonia,2162.0,7227.0
2005,6.0,junho,amazonia,3761.0,10988.0
2005,7.0,julho,amazonia,12504.0,23492.0
2005,8.0,agosto,amazonia,50315.0,73807.0
2005,9.0,setembro,amazonia,51457.0,125264.0
2005,10.0,outubro,amazonia,16893.0,142157.0
2005,11.0,novembro,amazonia,14495.0,156652.0
2005,12.0,dezembro,amazonia,4206.0,160858.0
2006,1.0,janeiro,amazonia,1261.0,1261.0
2006,2.0,fevereiro,amazonia,535.0,1796.0
2006,3.0,março,amazonia,826.0,2622.0
2006,4.0,abril,amazonia,868.0,3490.0
2006,5.0,maio,amazonia,1055.0,4545.0
2006,6.0,junho,amazonia,2206.0,6751.0
2006,7.0,julho,amazonia,5201.0,11952.0
2006,8.0,agosto,amazonia,25061.0,37013.0
2006,9.0,setembro,amazonia,37450.0,74463.0
2006,10.0,outubro,amazonia,9673.0,84136.0
2006,11.0,novembro,amazonia,8229.0,92365.0
2006,12.0,dezembro,amazonia,4951.0,97316.0
2007,1.0,janeiro,amazonia,2692.0,2692.0
2007,2.0,fevereiro,amazonia,3277.0,5969.0
2007,3.0,março,amazonia,1765.0,7734.0
2007,4.0,abril,amazonia,432.0,8166.0
2007,5.0,maio,amazonia,1329.0,9495.0
2007,6.0,junho,amazonia,2866.0,12361.0
2007,7.0,julho,amazonia,5238.0,17599.0
2007,8.0,agosto,amazonia,37397.0,54996.0
2007,9.0,setembro,amazonia,60887.0,115883.0
2007,10.0,outubro,amazonia,22883.0,138766.0
2007,11.0,novembro,amazonia,14022.0,152788.0
2007,12.0,dezembro,amazonia,1799.0,154587.0
2008,1.0,janeiro,amazonia,1410.0,1410.0
2008,2.0,fevereiro,amazonia,721.0,2131.0
2008,3.0,março,amazonia,798.0,2929.0
2008,4.0,abril,amazonia,638.0,3567.0
2008,5.0,maio,amazonia,508.0,4075.0
2008,6.0,junho,amazonia,1693.0,5768.0
2008,7.0,julho,amazonia,4507.0,10275.0
2008,8.0,agosto,amazonia,17498.0,27773.0
2008,9.0,setembro,amazonia,18347.0,46120.0
2008,10.0,outubro,amazonia,15520.0,61640.0
2008,11.0,novembro,amazonia,9499.0,71139.0
2008,12.0,dezembro,amazonia,3553.0,74692.0
2009,1.0,janeiro,amazonia,412.0,412.0
2009,2.0,fevereiro,amazonia,991.0,1403.0
2009,3.0,março,amazonia,765.0,2168.0
2009,4.0,abril,amazonia,512.0,2680.0
2009,5.0,maio,amazonia,1870.0,4550.0
2009,6.0,junho,amazonia,1689.0,6239.0
2009,7.0,julho,amazonia,2264.0,8503.0
2009,8.0,agosto,amazonia,5620.0,14123.0
2009,9.0,setembro,amazonia,10748.0,24871.0
2009,10.0,outubro,amazonia,12340.0,37211.0
2009,11.0,novembro,amazonia,14669.0,51880.0
2009,12.0,dezembro,amazonia,5131.0,57011.0
2010,1.0,janeiro,amazonia,1358.0,1358.0
2010,2.0,fevereiro,amazonia,1295.0,2653.0
2010,3.0,março,amazonia,643.0,3296.0
2010,4.0,abril,amazonia,659.0,3955.0
2010,5.0,maio,amazonia,1782.0,5737.0
2010,6.0,junho,amazonia,2305.0,8042.0
2010,7.0,julho,amazonia,5467.0,13509.0
2010,8.0,agosto,amazonia,43187.0,56696.0
2010,9.0,setembro,amazonia,39324.0,96020.0
2010,10.0,outubro,amazonia,10948.0,106968.0
2010,11.0,novembro,amazonia,4072.0,111040.0
2010,12.0,dezembro,amazonia,1774.0,112814.0
2011,1.0,janeiro,amazonia,68.0,68.0
2011,2.0,fevereiro,amazonia,928.0,996.0
2011,3.0,março,amazonia,97.0,1093.0
2011,4.0,abril,amazonia,484.0,1577.0
2011,5.0,maio,amazonia,981.0,2558.0
2011,6.0,junho,amazonia,1388.0,3946.0
2011,7.0,julho,amazonia,2023.0,5969.0
2011,8.0,agosto,amazonia,6630.0,12599.0
2011,9.0,setembro,amazonia,13333.0,25932.0
2011,10.0,outubro,amazonia,5110.0,31042.0
2011,11.0,novembro,amazonia,2991.0,34033.0
2011,12.0,dezembro,amazonia,6524.0,40557.0
2012,1.0,janeiro,amazonia,2356.0,2356.0
2012,2.0,fevereiro,amazonia,327.0,2683.0
2012,3.0,março,amazonia,335.0,3018.0
2012,4.0,abril,amazonia,368.0,3386.0
2012,5.0,maio,amazonia,1223.0,4609.0
2012,6.0,junho,amazonia,2566.0,7175.0
2012,7.0,julho,amazonia,2461.0,9636.0
2012,8.0,agosto,amazonia,15856.0,25492.0
2012,9.0,setembro,amazonia,18648.0,44140.0
2012,10.0,outubro,amazonia,8323.0,52463.0
2012,11.0,novembro,amazonia,11893.0,64356.0
2012,12.0,dezembro,amazonia,2510.0,66866.0
2013,1.0,janeiro,amazonia,3967.0,3967.0
2013,2.0,fevereiro,amazonia,114.0,4081.0
2013,3.0,março,amazonia,652.0,4733.0
2013,4.0,abril,amazonia,295.0,5028.0
2013,5.0,maio,amazonia,1366.0,6394.0
2013,6.0,junho,amazonia,2287.0,8681.0
2013,7.0,julho,amazonia,1849.0,10530.0
2013,8.0,agosto,amazonia,6271.0,16801.0
2013,9.0,setembro,amazonia,9103.0,25904.0
2013,10.0,outubro,amazonia,4323.0,30227.0
2013,11.0,novembro,amazonia,3166.0,33393.0
2013,12.0,dezembro,amazonia,2616.0,36009.0
2014,1.0,janeiro,amazonia,2354.0,2354.0
2014,2.0,fevereiro,amazonia,981.0,3335.0
2014,3.0,março,amazonia,1001.0,4336.0
2014,4.0,abril,amazonia,343.0,4679.0
2014,5.0,maio,amazonia,1094.0,5773.0
2014,6.0,junho,amazonia,2177.0,7950.0
2014,7.0,julho,amazonia,2590.0,10540.0
2014,8.0,agosto,amazonia,15773.0,26313.0
2014,9.0,setembro,amazonia,11967.0,38280.0
2014,10.0,outubro,amazonia,9391.0,47671.0
2014,11.0,novembro,amazonia,8257.0,55928.0
2014,12.0,dezembro,amazonia,5396.0,61324.0
2015,1.0,janeiro,amazonia,2137.0,2137.0
2015,2.0,fevereiro,amazonia,1474.0,3611.0
2015,3.0,março,amazonia,338.0,3949.0
2015,4.0,abril,amazonia,552.0,4501.0
2015,5.0,maio,amazonia,514.0,5015.0
2015,6.0,junho,amazonia,1434.0,6449.0
2015,7.0,julho,amazonia,2589.0,9038.0
2015,8.0,agosto,amazonia,15365.0,24403.0
2015,9.0,setembro,amazonia,21624.0,46027.0
2015,10.0,outubro,amazonia,16010.0,62037.0
2015,11.0,novembro,amazonia,17602.0,79639.0
2015,12.0,dezembro,amazonia,14038.0,93677.0
2016,1.0,janeiro,amazonia,6082.0,6082.0
2016,2.0,fevereiro,amazonia,1005.0,7087.0
2016,3.0,março,amazonia,2948.0,10035.0
2016,4.0,abril,amazonia,911.0,10946.0
2016,5.0,maio,amazonia,1585.0,12531.0
2016,6.0,junho,amazonia,2175.0,14706.0
2016,7.0,julho,amazonia,4514.0,19220.0
2016,8.0,agosto,amazonia,15462.0,34682.0
2016,9.0,setembro,amazonia,13415.0,48097.0
2016,10.0,outubro,amazonia,7007.0,55104.0
2016,11.0,novembro,amazonia,7131.0,62235.0
2016,12.0,dezembro,amazonia,2904.0,65139.0
2017,1.0,janeiro,amazonia,616.0,616.0
2017,2.0,fevereiro,amazonia,343.0,959.0
2017,3.0,março,amazonia,131.0,1090.0
2017,4.0,abril,amazonia,309.0,1399.0
2017,5.0,maio,amazonia,898.0,2297.0
2017,6.0,junho,amazonia,1375.0,3672.0
2017,7.0,julho,amazonia,4534.0,8206.0
2017,8.0,agosto,amazonia,17630.0,25836.0
2017,9.0,setembro,amazonia,34057.0,59893.0
2017,10.0,outubro,amazonia,9596.0,69489.0
2017,11.0,novembro,amazonia,12834.0,82323.0
2017,12.0,dezembro,amazonia,8917.0,91240.0
2018,1.0,janeiro,amazonia,2133.0,2133.0
2018,2.0,fevereiro,amazonia,1260.0,3393.0
2018,3.0,março,amazonia,1388.0,4781.0
2018,4.0,abril,amazonia,617.0,5398.0
2018,5.0,maio,amazonia,896.0,6294.0
2018,6.0,junho,amazonia,1605.0,7899.0
2018,7.0,julho,amazonia,3606.0,11505.0
2018,8.0,agosto,amazonia,6048.0,17553.0
2018,9.0,setembro,amazonia,12852.0,30405.0
2018,10.0,outubro,amazonia,6533.0,36938.0
2018,11.0,novembro,amazonia,4889.0,41827.0
2018,12.0,dezembro,amazonia,1344.0,43171.0
2019,1.0,janeiro,amazonia,2983.0,2983.0
2019,2.0,fevereiro,amazonia,1598.0,4581.0
2019,3.0,março,amazonia,5279.0,9860.0
2019,4.0,abril,amazonia,1913.0,11773.0
2019,5.0,maio,amazonia,812.0,12585.0
2019,6.0,junho,amazonia,1763.0,14348.0
2019,7.0,julho,amazonia,4281.0,18629.0
2019,8.0,agosto,amazonia,24944.0,43573.0
2019,9.0,setembro,amazonia,16253.0,59826.0
2019,10.0,outubro,amazonia,5366.0,65192.0
2019,11.0,novembro,amazonia,5455.0,70647.0
2019,12.0,dezembro,amazonia,1803.0,72450.0
2020,1.0,janeiro,amazonia,1580.0,1580.0
2020,2.0,fevereiro,amazonia,2787.0,4367.0
2020,3.0,março,amazonia,1658.0,6025.0
2020,4.0,abril,amazonia,1480.0,7505.0
2020,5.0,maio,amazonia,699.0,8204.0
2020,6.0,junho,amazonia,1984.0,10188.0
2020,7.0,julho,amazonia,3515.0,13703.0
2020,8.0,agosto,amazonia,20670.0,34373.0
2020,9.0,setembro,amazonia,27938.0,62311.0
2020,10.0,outubro,amazonia,12028.0,74339.0
2020,11.0,novembro,amazonia,2335.0,76674.0
2020,12.0,dezembro,amazonia,722.0,77396.0
2021,1.0,janeiro,amazonia,253.0,253.0
2021,2.0,fevereiro,amazonia,444.0,697.0
2021,3.0,março,amazonia,341.0,1038.0
2021,4.0,abril,amazonia,340.0,1378.0
2021,5.0,maio,amazonia,1022.0,2400.0
2021,6.0,junho,amazonia,2582.0,4982.0
2021,7.0,julho,amazonia,3351.0,8333.0
2021,8.0,agosto,amazonia,18560.0,26893.0
2021,9.0,setembro,amazonia,10045.0,36938.0
2021,10.0,outubro,amazonia,5840.0,42778.0
2021,11.0,novembro,amazonia,2148.0,44926.0
2021,12.0,dezembro,amazonia,659.0,45585.0
2003,1.0,janeiro,caatinga,2206.0,2206.0
2003,2.0,fevereiro,caatinga,56.0,2262.0
2003,3.0,março,caatinga,80.0,2342.0
2003,4.0,abril,caatinga,440.0,2782.0
2003,5.0,maio,caatinga,248.0,3030.0
2003,6.0,junho,caatinga,401.0,3431.0
2003,7.0,julho,caatinga,957.0,4388.0
2003,8.0,agosto,caatinga,4978.0,9366.0
2003,9.0,setembro,caatinga,17360.0,26726.0
2003,10.0,outubro,caatinga,24507.0,51233.0
2003,11.0,novembro,caatinga,19483.0,70716.0
2003,12.0,dezembro,caatinga,11332.0,82048.0
2004,1.0,janeiro,caatinga,563.0,563.0
2004,2.0,fevereiro,caatinga,9.0,572.0
2004,3.0,março,caatinga,12.0,584.0
2004,4.0,abril,caatinga,7.0,591.0
2004,5.0,maio,caatinga,54.0,645.0
2004,6.0,junho,caatinga,143.0,788.0
2004,7.0,julho,caatinga,365.0,1153.0
2004,8.0,agosto,caatinga,2015.0,3168.0
2004,9.0,setembro,caatinga,4178.0,7346.0
2004,10.0,outubro,caatinga,6987.0,14333.0
2004,11.0,novembro,caatinga,14213.0,28546.0
2004,12.0,dezembro,caatinga,12743.0,41289.0
2005,1.0,janeiro,caatinga,1638.0,1638.0
2005,2.0,fevereiro,caatinga,85.0,1723.0
2005,3.0,março,caatinga,47.0,1770.0
2005,4.0,abril,caatinga,1.0,1771.0
2005,5.0,maio,caatinga,53.0,1824.0
2005,6.0,junho,caatinga,286.0,2110.0
2005,7.0,julho,caatinga,817.0,2927.0
2005,8.0,agosto,caatinga,1900.0,4827.0
2005,9.0,setembro,caatinga,6929.0,11756.0
2005,10.0,outubro,caatinga,25909.0,37665.0
2005,11.0,novembro,caatinga,19115.0,56780.0
2005,12.0,dezembro,caatinga,8328.0,65108.0
2006,1.0,janeiro,caatinga,542.0,542.0
2006,2.0,fevereiro,caatinga,412.0,954.0
2006,3.0,março,caatinga,89.0,1043.0
2006,4.0,abril,caatinga,18.0,1061.0
2006,5.0,maio,caatinga,7.0,1068.0
2006,6.0,junho,caatinga,40.0,1108.0
2006,7.0,julho,caatinga,247.0,1355.0
2006,8.0,agosto,caatinga,1236.0,2591.0
2006,9.0,setembro,caatinga,7006.0,9597.0
2006,10.0,outubro,caatinga,9836.0,19433.0
2006,11.0,novembro,caatinga,10752.0,30185.0
2006,12.0,dezembro,caatinga,9307.0,39492.0
2007,1.0,janeiro,caatinga,1152.0,1152.0
2007,2.0,fevereiro,caatinga,16.0,1168.0
2007,3.0,março,caatinga,8.0,1176.0
2007,4.0,abril,caatinga,26.0,1202.0
2007,5.0,maio,caatinga,271.0,1473.0
2007,6.0,junho,caatinga,1162.0,2635.0
2007,7.0,julho,caatinga,2717.0,5352.0
2007,8.0,agosto,caatinga,3097.0,8449.0
2007,9.0,setembro,caatinga,8637.0,17086.0
2007,10.0,outubro,caatinga,14771.0,31857.0
2007,11.0,novembro,caatinga,18434.0,50291.0
2007,12.0,dezembro,caatinga,6110.0,56401.0
2008,1.0,janeiro,caatinga,487.0,487.0
2008,2.0,fevereiro,caatinga,58.0,545.0
2008,3.0,março,caatinga,40.0,585.0
2008,4.0,abril,caatinga,11.0,596.0
2008,5.0,maio,caatinga,21.0,617.0
2008,6.0,junho,caatinga,81.0,698.0
2008,7.0,julho,caatinga,150.0,848.0
2008,8.0,agosto,caatinga,1329.0,2177.0
2008,9.0,setembro,caatinga,4521.0,6698.0
2008,10.0,outubro,caatinga,20322.0,27020.0
2008,11.0,novembro,caatinga,18262.0,45282.0
2008,12.0,dezembro,caatinga,5225.0,50507.0
2009,1.0,janeiro,caatinga,588.0,588.0
2009,2.0,fevereiro,caatinga,43.0,631.0
2009,3.0,março,caatinga,325.0,956.0
2009,4.0,abril,caatinga,67.0,1023.0
2009,5.0,maio,caatinga,18.0,1041.0
2009,6.0,junho,caatinga,77.0,1118.0
2009,7.0,julho,caatinga,371.0,1489.0
2009,8.0,agosto,caatinga,713.0,2202.0
2009,9.0,setembro,caatinga,6672.0,8874.0
2009,10.0,outubro,caatinga,5757.0,14631.0
2009,11.0,novembro,caatinga,11063.0,25694.0
2009,12.0,dezembro,caatinga,6115.0,31809.0
2010,1.0,janeiro,caatinga,292.0,292.0
2010,2.0,fevereiro,caatinga,124.0,416.0
2010,3.0,março,caatinga,70.0,486.0
2010,4.0,abril,caatinga,20.0,506.0
2010,5.0,maio,caatinga,389.0,895.0
2010,6.0,junho,caatinga,376.0,1271.0
2010,7.0,julho,caatinga,1797.0,3068.0
2010,8.0,agosto,caatinga,4149.0,7217.0
2010,9.0,setembro,caatinga,10813.0,18030.0
2010,10.0,outubro,caatinga,21834.0,39864.0
2010,11.0,novembro,caatinga,9894.0,49758.0
2010,12.0,dezembro,caatinga,1197.0,50955.0
2011,1.0,janeiro,caatinga,22.0,22.0
2011,2.0,fevereiro,caatinga,14.0,36.0
2011,3.0,março,caatinga,13.0,49.0
2011,4.0,abril,caatinga,51.0,100.0
2011,5.0,maio,caatinga,92.0,192.0
2011,6.0,junho,caatinga,690.0,882.0
2011,7.0,julho,caatinga,558.0,1440.0
2011,8.0,agosto,caatinga,2451.0,3891.0
2011,9.0,setembro,caatinga,4003.0,7894.0
2011,10.0,outubro,caatinga,9492.0,17386.0
2011,11.0,novembro,caatinga,4894.0,22280.0
2011,12.0,dezembro,caatinga,2411.0,24691.0
2012,1.0,janeiro,caatinga,917.0,917.0
2012,2.0,fevereiro,caatinga,39.0,956.0
2012,3.0,março,caatinga,274.0,1230.0
2012,4.0,abril,caatinga,782.0,2012.0
2012,5.0,maio,caatinga,1743.0,3755.0
2012,6.0,junho,caatinga,1989.0,5744.0
2012,7.0,julho,caatinga,2704.0,8448.0
2012,8.0,agosto,caatinga,3840.0,12288.0
2012,9.0,setembro,caatinga,7040.0,19328.0
2012,10.0,outubro,caatinga,17685.0,37013.0
2012,11.0,novembro,caatinga,4495.0,41508.0
2012,12.0,dezembro,caatinga,5028.0,46536.0
2013,1.0,janeiro,caatinga,313.0,313.0
2013,2.0,fevereiro,caatinga,91.0,404.0
2013,3.0,março,caatinga,185.0,589.0
2013,4.0,abril,caatinga,240.0,829.0
2013,5.0,maio,caatinga,167.0,996.0
2013,6.0,junho,caatinga,521.0,1517.0
2013,7.0,julho,caatinga,769.0,2286.0
2013,8.0,agosto,caatinga,1935.0,4221.0
2013,9.0,setembro,caatinga,6688.0,10909.0
2013,10.0,outubro,caatinga,7512.0,18421.0
2013,11.0,novembro,caatinga,6701.0,25122.0
2013,12.0,dezembro,caatinga,3272.0,28394.0
2014,1.0,janeiro,caatinga,215.0,215.0
2014,2.0,fevereiro,caatinga,15.0,230.0
2014,3.0,março,caatinga,41.0,271.0
2014,4.0,abril,caatinga,126.0,397.0
2014,5.0,maio,caatinga,209.0,606.0
2014,6.0,junho,caatinga,757.0,1363.0
2014,7.0,julho,caatinga,1356.0,2719.0
2014,8.0,agosto,caatinga,2165.0,4884.0
2014,9.0,setembro,caatinga,5923.0,10807.0
2014,10.0,outubro,caatinga,8193.0,19000.0
2014,11.0,novembro,caatinga,6105.0,25105.0
2014,12.0,dezembro,caatinga,2954.0,28059.0
2015,1.0,janeiro,caatinga,706.0,706.0
2015,2.0,fevereiro,caatinga,59.0,765.0
2015,3.0,março,caatinga,52.0,817.0
2015,4.0,abril,caatinga,331.0,1148.0
2015,5.0,maio,caatinga,361.0,1509.0
2015,6.0,junho,caatinga,975.0,2484.0
2015,7.0,julho,caatinga,1325.0,3809.0
2015,8.0,agosto,caatinga,3623.0,7432.0
2015,9.0,setembro,caatinga,9797.0,17229.0
2015,10.0,outubro,caatinga,10872.0,28101.0
2015,11.0,novembro,caatinga,12064.0,40165.0
2015,12.0,dezembro,caatinga,7378.0,47543.0
2016,1.0,janeiro,caatinga,393.0,393.0
2016,2.0,fevereiro,caatinga,34.0,427.0
2016,3.0,março,caatinga,58.0,485.0
2016,4.0,abril,caatinga,79.0,564.0
2016,5.0,maio,caatinga,334.0,898.0
2016,6.0,junho,caatinga,603.0,1501.0
2016,7.0,julho,caatinga,1428.0,2929.0
2016,8.0,agosto,caatinga,2583.0,5512.0
2016,9.0,setembro,caatinga,3732.0,9244.0
2016,10.0,outubro,caatinga,10305.0,19549.0
2016,11.0,novembro,caatinga,10512.0,30061.0
2016,12.0,dezembro,caatinga,3248.0,33309.0
2017,1.0,janeiro,caatinga,442.0,442.0
2017,2.0,fevereiro,caatinga,26.0,468.0
2017,3.0,março,caatinga,103.0,571.0
2017,4.0,abril,caatinga,81.0,652.0
2017,5.0,maio,caatinga,179.0,831.0
2017,6.0,junho,caatinga,240.0,1071.0
2017,7.0,julho,caatinga,593.0,1664.0
2017,8.0,agosto,caatinga,1648.0,3312.0
2017,9.0,setembro,caatinga,3148.0,6460.0
2017,10.0,outubro,caatinga,12303.0,18763.0
2017,11.0,novembro,caatinga,6556.0,25319.0
2017,12.0,dezembro,caatinga,4385.0,29704.0
2018,1.0,janeiro,caatinga,637.0,637.0
2018,2.0,fevereiro,caatinga,14.0,651.0
2018,3.0,março,caatinga,53.0,704.0
2018,4.0,abril,caatinga,28.0,732.0
2018,5.0,maio,caatinga,149.0,881.0
2018,6.0,junho,caatinga,615.0,1496.0
2018,7.0,julho,caatinga,1309.0,2805.0
2018,8.0,agosto,caatinga,2700.0,5505.0
2018,9.0,setembro,caatinga,7616.0,13121.0
2018,10.0,outubro,caatinga,5047.0,18168.0
2018,11.0,novembro,caatinga,5922.0,24090.0
2018,12.0,dezembro,caatinga,1342.0,25432.0
2019,1.0,janeiro,caatinga,120.0,120.0
2019,2.0,fevereiro,caatinga,23.0,143.0
2019,3.0,março,caatinga,37.0,180.0
2019,4.0,abril,caatinga,16.0,196.0
2019,5.0,maio,caatinga,252.0,448.0
2019,6.0,junho,caatinga,357.0,805.0
2019,7.0,julho,caatinga,1518.0,2323.0
2019,8.0,agosto,caatinga,3397.0,5720.0
2019,9.0,setembro,caatinga,6723.0,12443.0
2019,10.0,outubro,caatinga,18494.0,30937.0
2019,11.0,novembro,caatinga,15858.0,46795.0
2019,12.0,dezembro,caatinga,8389.0,55184.0
2020,1.0,janeiro,caatinga,434.0,434.0
2020,2.0,fevereiro,caatinga,45.0,479.0
2020,3.0,março,caatinga,8.0,487.0
2020,4.0,abril,caatinga,61.0,548.0
2020,5.0,maio,caatinga,15.0,563.0
2020,6.0,junho,caatinga,79.0,642.0
2020,7.0,julho,caatinga,528.0,1170.0
2020,8.0,agosto,caatinga,1789.0,2959.0
2020,9.0,setembro,caatinga,4816.0,7775.0
2020,10.0,outubro,caatinga,13119.0,20894.0
2020,11.0,novembro,caatinga,5350.0,26244.0
2020,12.0,dezembro,caatinga,4209.0,30453.0
2021,1.0,janeiro,caatinga,976.0,976.0
2021,2.0,fevereiro,caatinga,271.0,1247.0
2021,3.0,março,caatinga,165.0,1412.0
2021,4.0,abril,caatinga,147.0,1559.0
2021,5.0,maio,caatinga,368.0,1927.0
2021,6.0,junho,caatinga,1467.0,3394.0
2021,7.0,julho,caatinga,1984.0,5378.0
2021,8.0,agosto,caatinga,3300.0,8678.0
2021,9.0,setembro,caatinga,13604.0,22282.0
2021,10.0,outubro,caatinga,12722.0,35004.0
2021,11.0,novembro,caatinga,12151.0,47155.0
2021,12.0,dezembro,caatinga,2714.0,49869.0
2003,1.0,janeiro,cerrado,157.0,157.0
2003,2.0,fevereiro,cerrado,214.0,371.0
2003,3.0,março,cerrado,258.0,629.0
2003,4.0,abril,cerrado,1322.0,1951.0
2003,5.0,maio,cerrado,5200.0,7151.0
2003,6.0,junho,cerrado,16779.0,23930.0
2003,7.0,julho,cerrado,25598.0,49528.0
2003,8.0,agosto,cerrado,35140.0,84668.0
2003,9.0,setembro,cerrado,62250.0,146918.0
2003,10.0,outubro,cerrado,24521.0,171439.0
2003,11.0,novembro,cerrado,2461.0,173900.0
2003,12.0,dezembro,cerrado,1240.0,175140.0
2004,1.0,janeiro,cerrado,180.0,180.0
2004,2.0,fevereiro,cerrado,89.0,269.0
2004,3.0,março,cerrado,649.0,918.0
2004,4.0,abril,cerrado,1008.0,1926.0
2004,5.0,maio,cerrado,6963.0,8889.0
2004,6.0,junho,cerrado,16368.0,25257.0
2004,7.0,julho,cerrado,23581.0,48838.0
2004,8.0,agosto,cerrado,38255.0,87093.0
2004,9.0,setembro,cerrado,79405.0,166498.0
2004,10.0,outubro,cerrado,23572.0,190070.0
2004,11.0,novembro,cerrado,7056.0,197126.0
2004,12.0,dezembro,cerrado,1558.0,198684.0
2005,1.0,janeiro,cerrado,177.0,177.0
2005,2.0,fevereiro,cerrado,331.0,508.0
2005,3.0,março,cerrado,401.0,909.0
2005,4.0,abril,cerrado,1662.0,2571.0
2005,5.0,maio,cerrado,5009.0,7580.0
2005,6.0,junho,cerrado,11483.0,19063.0
2005,7.0,julho,cerrado,18052.0,37115.0
2005,8.0,agosto,cerrado,41231.0,78346.0
2005,9.0,setembro,cerrado,50466.0,128812.0
2005,10.0,outubro,cerrado,46086.0,174898.0
2005,11.0,novembro,cerrado,5870.0,180768.0
2005,12.0,dezembro,cerrado,922.0,181690.0
2006,1.0,janeiro,cerrado,619.0,619.0
2006,2.0,fevereiro,cerrado,144.0,763.0
2006,3.0,março,cerrado,322.0,1085.0
2006,4.0,abril,cerrado,603.0,1688.0
2006,5.0,maio,cerrado,2862.0,4550.0
2006,6.0,junho,cerrado,9573.0,14123.0
2006,7.0,julho,cerrado,20378.0,34501.0
2006,8.0,agosto,cerrado,35778.0,70279.0
2006,9.0,setembro,cerrado,35636.0,105915.0
2006,10.0,outubro,cerrado,8810.0,114725.0
2006,11.0,novembro,cerrado,2596.0,117321.0
2006,12.0,dezembro,cerrado,788.0,118109.0
2007,1.0,janeiro,cerrado,238.0,238.0
2007,2.0,fevereiro,cerrado,119.0,357.0
2007,3.0,março,cerrado,905.0,1262.0
2007,4.0,abril,cerrado,1508.0,2770.0
2007,5.0,maio,cerrado,7944.0,10714.0
2007,6.0,junho,cerrado,18839.0,29553.0
2007,7.0,julho,cerrado,38635.0,68188.0
2007,8.0,agosto,cerrado,72717.0,140905.0
2007,9.0,setembro,cerrado,118753.0,259658.0
2007,10.0,outubro,cerrado,56652.0,316310.0
2007,11.0,novembro,cerrado,11951.0,328261.0
2007,12.0,dezembro,cerrado,877.0,329138.0
2008,1.0,janeiro,cerrado,207.0,207.0
2008,2.0,fevereiro,cerrado,88.0,295.0
2008,3.0,março,cerrado,267.0,562.0
2008,4.0,abril,cerrado,516.0,1078.0
2008,5.0,maio,cerrado,2377.0,3455.0
2008,6.0,junho,cerrado,7813.0,11268.0
2008,7.0,julho,cerrado,13691.0,24959.0
2008,8.0,agosto,cerrado,25652.0,50611.0
2008,9.0,setembro,cerrado,39781.0,90392.0
2008,10.0,outubro,cerrado,40038.0,130430.0
2008,11.0,novembro,cerrado,8136.0,138566.0
2008,12.0,dezembro,cerrado,892.0,139458.0
2009,1.0,janeiro,cerrado,258.0,258.0
2009,2.0,fevereiro,cerrado,154.0,412.0
2009,3.0,março,cerrado,295.0,707.0
2009,4.0,abril,cerrado,599.0,1306.0
2009,5.0,maio,cerrado,2014.0,3320.0
2009,6.0,junho,cerrado,5229.0,8549.0
2009,7.0,julho,cerrado,12868.0,21417.0
2009,8.0,agosto,cerrado,19084.0,40501.0
2009,9.0,setembro,cerrado,24263.0,64764.0
2009,10.0,outubro,cerrado,5637.0,70401.0
2009,11.0,novembro,cerrado,3399.0,73800.0
2009,12.0,dezembro,cerrado,553.0,74353.0
2010,1.0,janeiro,cerrado,172.0,172.0
2010,2.0,fevereiro,cerrado,287.0,459.0
2010,3.0,março,cerrado,438.0,897.0
2010,4.0,abril,cerrado,2456.0,3353.0
2010,5.0,maio,cerrado,8749.0,12102.0
2010,6.0,junho,cerrado,19283.0,31385.0
2010,7.0,julho,cerrado,40451.0,71836.0
2010,8.0,agosto,cerrado,77548.0,149384.0
2010,9.0,setembro,cerrado,123410.0,272794.0
2010,10.0,outubro,cerrado,28644.0,301438.0
2010,11.0,novembro,cerrado,2501.0,303939.0
2010,12.0,dezembro,cerrado,886.0,304825.0
2011,1.0,janeiro,cerrado,73.0,73.0
2011,2.0,fevereiro,cerrado,101.0,174.0
2011,3.0,março,cerrado,173.0,347.0
2011,4.0,abril,cerrado,896.0,1243.0
2011,5.0,maio,cerrado,3358.0,4601.0
2011,6.0,junho,cerrado,9115.0,13716.0
2011,7.0,julho,cerrado,15969.0,29685.0
2011,8.0,agosto,cerrado,32000.0,61685.0
2011,9.0,setembro,cerrado,61204.0,122889.0
2011,10.0,outubro,cerrado,10714.0,133603.0
2011,11.0,novembro,cerrado,820.0,134423.0
2011,12.0,dezembro,cerrado,565.0,134988.0
2012,1.0,janeiro,cerrado,131.0,131.0
2012,2.0,fevereiro,cerrado,268.0,399.0
2012,3.0,março,cerrado,742.0,1141.0
2012,4.0,abril,cerrado,1578.0,2719.0
2012,5.0,maio,cerrado,5964.0,8683.0
2012,6.0,junho,cerrado,14039.0,22722.0
2012,7.0,julho,cerrado,25380.0,48102.0
2012,8.0,agosto,cerrado,58899.0,107001.0
2012,9.0,setembro,cerrado,84109.0,191110.0
2012,10.0,outubro,cerrado,52533.0,243643.0
2012,11.0,novembro,cerrado,2347.0,245990.0
2012,12.0,dezembro,cerrado,1461.0,247451.0
2013,1.0,janeiro,cerrado,190.0,190.0
2013,2.0,fevereiro,cerrado,427.0,617.0
2013,3.0,março,cerrado,387.0,1004.0
2013,4.0,abril,cerrado,612.0,1616.0
2013,5.0,maio,cerrado,3938.0,5554.0
2013,6.0,junho,cerrado,7259.0,12813.0
2013,7.0,julho,cerrado,12698.0,25511.0
2013,8.0,agosto,cerrado,25972.0,51483.0
2013,9.0,setembro,cerrado,40526.0,92009.0
2013,10.0,outubro,cerrado,16287.0,108296.0
2013,11.0,novembro,cerrado,1954.0,110250.0
2013,12.0,dezembro,cerrado,754.0,111004.0
2014,1.0,janeiro,cerrado,380.0,380.0
2014,2.0,fevereiro,cerrado,142.0,522.0
2014,3.0,março,cerrado,230.0,752.0
2014,4.0,abril,cerrado,969.0,1721.0
2014,5.0,maio,cerrado,3682.0,5403.0
2014,6.0,junho,cerrado,10303.0,15706.0
2014,7.0,julho,cerrado,19028.0,34734.0
2014,8.0,agosto,cerrado,44321.0,79055.0
2014,9.0,setembro,cerrado,47939.0,126994.0
2014,10.0,outubro,cerrado,39817.0,166811.0
2014,11.0,novembro,cerrado,3326.0,170137.0
2014,12.0,dezembro,cerrado,619.0,170756.0
2015,1.0,janeiro,cerrado,721.0,721.0
2015,2.0,fevereiro,cerrado,149.0,870.0
2015,3.0,março,cerrado,347.0,1217.0
2015,4.0,abril,cerrado,785.0,2002.0
2015,5.0,maio,cerrado,2352.0,4354.0
2015,6.0,junho,cerrado,8156.0,12510.0
2015,7.0,julho,cerrado,13887.0,26397.0
2015,8.0,agosto,cerrado,31122.0,57519.0
2015,9.0,setembro,cerrado,59355.0,116874.0
2015,10.0,outubro,cerrado,54654.0,171528.0
2015,11.0,novembro,cerrado,12162.0,183690.0
2015,12.0,dezembro,cerrado,6816.0,190506.0
2016,1.0,janeiro,cerrado,114.0,114.0
2016,2.0,fevereiro,cerrado,572.0,686.0
2016,3.0,março,cerrado,679.0,1365.0
2016,4.0,abril,cerrado,2748.0,4113.0
2016,5.0,maio,cerrado,6205.0,10318.0
2016,6.0,junho,cerrado,11257.0,21575.0
2016,7.0,julho,cerrado,21514.0,43089.0
2016,8.0,agosto,cerrado,40110.0,83199.0
2016,9.0,setembro,cerrado,41613.0,124812.0
2016,10.0,outubro,cerrado,18874.0,143686.0
2016,11.0,novembro,cerrado,6515.0,150201.0
2016,12.0,dezembro,cerrado,941.0,151142.0
2017,1.0,janeiro,cerrado,225.0,225.0
2017,2.0,fevereiro,cerrado,262.0,487.0
2017,3.0,março,cerrado,574.0,1061.0
2017,4.0,abril,cerrado,1021.0,2082.0
2017,5.0,maio,cerrado,3727.0,5809.0
2017,6.0,junho,cerrado,6619.0,12428.0
2017,7.0,julho,cerrado,11181.0,23609.0
2017,8.0,agosto,cerrado,28321.0,51930.0
2017,9.0,setembro,cerrado,65019.0,116949.0
2017,10.0,outubro,cerrado,37656.0,154605.0
2017,11.0,novembro,cerrado,2437.0,157042.0
2017,12.0,dezembro,cerrado,1310.0,158352.0
2018,1.0,janeiro,cerrado,192.0,192.0
2018,2.0,fevereiro,cerrado,34.0,226.0
2018,3.0,março,cerrado,633.0,859.0
2018,4.0,abril,cerrado,603.0,1462.0
2018,5.0,maio,cerrado,3354.0,4816.0
2018,6.0,junho,cerrado,7087.0,11903.0
2018,7.0,julho,cerrado,10910.0,22813.0
2018,8.0,agosto,cerrado,19082.0,41895.0
2018,9.0,setembro,cerrado,33255.0,75150.0
2018,10.0,outubro,cerrado,8632.0,83782.0
2018,11.0,novembro,cerrado,1155.0,84937.0
2018,12.0,dezembro,cerrado,437.0,85374.0
2019,1.0,janeiro,cerrado,508.0,508.0
2019,2.0,fevereiro,cerrado,316.0,824.0
2019,3.0,março,cerrado,395.0,1219.0
2019,4.0,abril,cerrado,817.0,2036.0
2019,5.0,maio,cerrado,3757.0,5793.0
2019,6.0,junho,cerrado,8458.0,14251.0
2019,7.0,julho,cerrado,12898.0,27149.0
2019,8.0,agosto,cerrado,36549.0,63698.0
2019,9.0,setembro,cerrado,58976.0,122674.0
2019,10.0,outubro,cerrado,18548.0,141222.0
2019,11.0,novembro,cerrado,5087.0,146309.0
2019,12.0,dezembro,cerrado,1902.0,148211.0
2020,1.0,janeiro,cerrado,214.0,214.0
2020,2.0,fevereiro,cerrado,247.0,461.0
2020,3.0,março,cerrado,697.0,1158.0
2020,4.0,abril,cerrado,2383.0,3541.0
2020,5.0,maio,cerrado,2501.0,6042.0
2020,6.0,junho,cerrado,7554.0,13596.0
2020,7.0,julho,cerrado,11324.0,24920.0
2020,8.0,agosto,cerrado,22730.0,47650.0
2020,9.0,setembro,cerrado,54740.0,102390.0
2020,10.0,outubro,cerrado,34188.0,136578.0
2020,11.0,novembro,cerrado,2122.0,138700.0
2020,12.0,dezembro,cerrado,944.0,139644.0
2021,1.0,janeiro,cerrado,302.0,302.0
2021,2.0,fevereiro,cerrado,270.0,572.0
2021,3.0,março,cerrado,721.0,1293.0
2021,4.0,abril,cerrado,1096.0,2389.0
2021,5.0,maio,cerrado,5969.0,8358.0
2021,6.0,junho,cerrado,10072.0,18430.0
2021,7.0,julho,cerrado,16048.0,34478.0
2021,8.0,agosto,cerrado,32070.0,66548.0
2021,9.0,setembro,cerrado,57473.0,124021.0
2021,10.0,outubro,cerrado,12799.0,136820.0
2021,11.0,novembro,cerrado,438.0,137258.0
2021,12.0,dezembro,cerrado,373.0,137631.0
2003,1.0,janeiro,mata_atlantica,436.0,436.0
2003,2.0,fevereiro,mata_atlantica,107.0,543.0
2003,3.0,março,mata_atlantica,286.0,829.0
2003,4.0,abril,mata_atlantica,421.0,1250.0
2003,5.0,maio,mata_atlantica,3321.0,4571.0
2003,6.0,junho,mata_atlantica,5218.0,9789.0
2003,7.0,julho,mata_atlantica,7995.0,17784.0
2003,8.0,agosto,mata_atlantica,7748.0,25532.0
2003,9.0,setembro,mata_atlantica,9255.0,34787.0
2003,10.0,outubro,mata_atlantica,5826.0,40613.0
2003,11.0,novembro,mata_atlantica,550.0,41163.0
2003,12.0,dezembro,mata_atlantica,444.0,41607.0
2004,1.0,janeiro,mata_atlantica,73.0,73.0
2004,2.0,fevereiro,mata_atlantica,75.0,148.0
2004,3.0,março,mata_atlantica,211.0,359.0
2004,4.0,abril,mata_atlantica,418.0,777.0
2004,5.0,maio,mata_atlantica,122.0,899.0
2004,6.0,junho,mata_atlantica,3163.0,4062.0
2004,7.0,julho,mata_atlantica,2045.0,6107.0
2004,8.0,agosto,mata_atlantica,4545.0,10652.0
2004,9.0,setembro,mata_atlantica,3371.0,14023.0
2004,10.0,outubro,mata_atlantica,1168.0,15191.0
2004,11.0,novembro,mata_atlantica,791.0,15982.0
2004,12.0,dezembro,mata_atlantica,415.0,16397.0
2005,1.0,janeiro,mata_atlantica,428.0,428.0
2005,2.0,fevereiro,mata_atlantica,144.0,572.0
2005,3.0,março,mata_atlantica,340.0,912.0
2005,4.0,abril,mata_atlantica,853.0,1765.0
2005,5.0,maio,mata_atlantica,2609.0,4374.0
2005,6.0,junho,mata_atlantica,2380.0,6754.0
2005,7.0,julho,mata_atlantica,2296.0,9050.0
2005,8.0,agosto,mata_atlantica,3876.0,12926.0
2005,9.0,setembro,mata_atlantica,1372.0,14298.0
2005,10.0,outubro,mata_atlantica,5569.0,19867.0
2005,11.0,novembro,mata_atlantica,562.0,20429.0
2005,12.0,dezembro,mata_atlantica,160.0,20589.0
2006,1.0,janeiro,mata_atlantica,136.0,136.0
2006,2.0,fevereiro,mata_atlantica,464.0,600.0
2006,3.0,março,mata_atlantica,305.0,905.0
2006,4.0,abril,mata_atlantica,397.0,1302.0
2006,5.0,maio,mata_atlantica,2813.0,4115.0
2006,6.0,junho,mata_atlantica,6170.0,10285.0
2006,7.0,julho,mata_atlantica,8269.0,18554.0
2006,8.0,agosto,mata_atlantica,7322.0,25876.0
2006,9.0,setembro,mata_atlantica,3012.0,28888.0
2006,10.0,outubro,mata_atlantica,525.0,29413.0
2006,11.0,novembro,mata_atlantica,392.0,29805.0
2006,12.0,dezembro,mata_atlantica,168.0,29973.0
2007,1.0,janeiro,mata_atlantica,91.0,91.0
2007,2.0,fevereiro,mata_atlantica,121.0,212.0
2007,3.0,março,mata_atlantica,297.0,509.0
2007,4.0,abril,mata_atlantica,528.0,1037.0
2007,5.0,maio,mata_atlantica,788.0,1825.0
2007,6.0,junho,mata_atlantica,4578.0,6403.0
2007,7.0,julho,mata_atlantica,3589.0,9992.0
2007,8.0,agosto,mata_atlantica,3911.0,13903.0
2007,9.0,setembro,mata_atlantica,5560.0,19463.0
2007,10.0,outubro,mata_atlantica,5930.0,25393.0
2007,11.0,novembro,mata_atlantica,2930.0,28323.0
2007,12.0,dezembro,mata_atlantica,200.0,28523.0
2008,1.0,janeiro,mata_atlantica,111.0,111.0
2008,2.0,fevereiro,mata_atlantica,159.0,270.0
2008,3.0,março,mata_atlantica,279.0,549.0
2008,4.0,abril,mata_atlantica,204.0,753.0
2008,5.0,maio,mata_atlantica,1861.0,2614.0
2008,6.0,junho,mata_atlantica,1651.0,4265.0
2008,7.0,julho,mata_atlantica,9030.0,13295.0
2008,8.0,agosto,mata_atlantica,2681.0,15976.0
2008,9.0,setembro,mata_atlantica,2963.0,18939.0
2008,10.0,outubro,mata_atlantica,4218.0,23157.0
2008,11.0,novembro,mata_atlantica,1359.0,24516.0
2008,12.0,dezembro,mata_atlantica,451.0,24967.0
2009,1.0,janeiro,mata_atlantica,200.0,200.0
2009,2.0,fevereiro,mata_atlantica,135.0,335.0
2009,3.0,março,mata_atlantica,336.0,671.0
2009,4.0,abril,mata_atlantica,1259.0,1930.0
2009,5.0,maio,mata_atlantica,1827.0,3757.0
2009,6.0,junho,mata_atlantica,2051.0,5808.0
2009,7.0,julho,mata_atlantica,1567.0,7375.0
2009,8.0,agosto,mata_atlantica,4022.0,11397.0
2009,9.0,setembro,mata_atlantica,904.0,12301.0
2009,10.0,outubro,mata_atlantica,1042.0,13343.0
2009,11.0,novembro,mata_atlantica,259.0,13602.0
2009,12.0,dezembro,mata_atlantica,225.0,13827.0
2010,1.0,janeiro,mata_atlantica,220.0,220.0
2010,2.0,fevereiro,mata_atlantica,255.0,475.0
2010,3.0,março,mata_atlantica,158.0,633.0
2010,4.0,abril,mata_atlantica,456.0,1089.0
2010,5.0,maio,mata_atlantica,661.0,1750.0
2010,6.0,junho,mata_atlantica,3048.0,4798.0
2010,7.0,julho,mata_atlantica,5417.0,10215.0
2010,8.0,agosto,mata_atlantica,5027.0,15242.0
2010,9.0,setembro,mata_atlantica,4932.0,20174.0
2010,10.0,outubro,mata_atlantica,2386.0,22560.0
2010,11.0,novembro,mata_atlantica,305.0,22865.0
2010,12.0,dezembro,mata_atlantica,103.0,22968.0
2011,1.0,janeiro,mata_atlantica,41.0,41.0
2011,2.0,fevereiro,mata_atlantica,90.0,131.0
2011,3.0,março,mata_atlantica,98.0,229.0
2011,4.0,abril,mata_atlantica,115.0,344.0
2011,5.0,maio,mata_atlantica,644.0,988.0
2011,6.0,junho,mata_atlantica,1234.0,2222.0
2011,7.0,julho,mata_atlantica,6783.0,9005.0
2011,8.0,agosto,mata_atlantica,3992.0,12997.0
2011,9.0,setembro,mata_atlantica,5195.0,18192.0
2011,10.0,outubro,mata_atlantica,1170.0,19362.0
2011,11.0,novembro,mata_atlantica,228.0,19590.0
2011,12.0,dezembro,mata_atlantica,123.0,19713.0
2012,1.0,janeiro,mata_atlantica,96.0,96.0
2012,2.0,fevereiro,mata_atlantica,107.0,203.0
2012,3.0,março,mata_atlantica,363.0,566.0
2012,4.0,abril,mata_atlantica,423.0,989.0
2012,5.0,maio,mata_atlantica,1249.0,2238.0
2012,6.0,junho,mata_atlantica,1042.0,3280.0
2012,7.0,julho,mata_atlantica,1637.0,4917.0
2012,8.0,agosto,mata_atlantica,2733.0,7650.0
2012,9.0,setembro,mata_atlantica,3541.0,11191.0
2012,10.0,outubro,mata_atlantica,3700.0,14891.0
2012,11.0,novembro,mata_atlantica,534.0,15425.0
2012,12.0,dezembro,mata_atlantica,286.0,15711.0
2013,1.0,janeiro,mata_atlantica,173.0,173.0
2013,2.0,fevereiro,mata_atlantica,184.0,357.0
2013,3.0,março,mata_atlantica,287.0,644.0
2013,4.0,abril,mata_atlantica,192.0,836.0
2013,5.0,maio,mata_atlantica,751.0,1587.0
2013,6.0,junho,mata_atlantica,604.0,2191.0
2013,7.0,julho,mata_atlantica,2671.0,4862.0
2013,8.0,agosto,mata_atlantica,2234.0,7096.0
2013,9.0,setembro,mata_atlantica,2582.0,9678.0
2013,10.0,outubro,mata_atlantica,791.0,10469.0
2013,11.0,novembro,mata_atlantica,208.0,10677.0
2013,12.0,dezembro,mata_atlantica,139.0,10816.0
2014,1.0,janeiro,mata_atlantica,63.0,63.0
2014,2.0,fevereiro,mata_atlantica,155.0,218.0
2014,3.0,março,mata_atlantica,128.0,346.0
2014,4.0,abril,mata_atlantica,122.0,468.0
2014,5.0,maio,mata_atlantica,411.0,879.0
2014,6.0,junho,mata_atlantica,1236.0,2115.0
2014,7.0,julho,mata_atlantica,1535.0,3650.0
2014,8.0,agosto,mata_atlantica,3276.0,6926.0
2014,9.0,setembro,mata_atlantica,2856.0,9782.0
2014,10.0,outubro,mata_atlantica,4391.0,14173.0
2014,11.0,novembro,mata_atlantica,91.0,14264.0
2014,12.0,dezembro,mata_atlantica,58.0,14322.0
2015,1.0,janeiro,mata_atlantica,260.0,260.0
2015,2.0,fevereiro,mata_atlantica,145.0,405.0
2015,3.0,março,mata_atlantica,221.0,626.0
2015,4.0,abril,mata_atlantica,238.0,864.0
2015,5.0,maio,mata_atlantica,435.0,1299.0
2015,6.0,junho,mata_atlantica,1262.0,2561.0
2015,7.0,julho,mata_atlantica,507.0,3068.0
2015,8.0,agosto,mata_atlantica,2498.0,5566.0
2015,9.0,setembro,mata_atlantica,2650.0,8216.0
2015,10.0,outubro,mata_atlantica,2734.0,10950.0
2015,11.0,novembro,mata_atlantica,1796.0,12746.0
2015,12.0,dezembro,mata_atlantica,833.0,13579.0
2016,1.0,janeiro,mata_atlantica,131.0,131.0
2016,2.0,fevereiro,mata_atlantica,133.0,264.0
2016,3.0,março,mata_atlantica,374.0,638.0
2016,4.0,abril,mata_atlantica,982.0,1620.0
2016,5.0,maio,mata_atlantica,873.0,2493.0
2016,6.0,junho,mata_atlantica,2276.0,4769.0
2016,7.0,julho,mata_atlantica,7174.0,11943.0
2016,8.0,agosto,mata_atlantica,3175.0,15118.0
2016,9.0,setembro,mata_atlantica,2347.0,17465.0
2016,10.0,outubro,mata_atlantica,839.0,18304.0
2016,11.0,novembro,mata_atlantica,189.0,18493.0
2016,12.0,dezembro,mata_atlantica,115.0,18608.0
2017,1.0,janeiro,mata_atlantica,161.0,161.0
2017,2.0,fevereiro,mata_atlantica,189.0,350.0
2017,3.0,março,mata_atlantica,111.0,461.0
2017,4.0,abril,mata_atlantica,74.0,535.0
2017,5.0,maio,mata_atlantica,200.0,735.0
2017,6.0,junho,mata_atlantica,830.0,1565.0
2017,7.0,julho,mata_atlantica,4763.0,6328.0
2017,8.0,agosto,mata_atlantica,3516.0,9844.0
2017,9.0,setembro,mata_atlantica,3808.0,13652.0
2017,10.0,outubro,mata_atlantica,2425.0,16077.0
2017,11.0,novembro,mata_atlantica,99.0,16176.0
2017,12.0,dezembro,mata_atlantica,84.0,16260.0
2018,1.0,janeiro,mata_atlantica,27.0,27.0
2018,2.0,fevereiro,mata_atlantica,51.0,78.0
2018,3.0,março,mata_atlantica,330.0,408.0
2018,4.0,abril,mata_atlantica,308.0,716.0
2018,5.0,maio,mata_atlantica,1352.0,2068.0
2018,6.0,junho,mata_atlantica,1951.0,4019.0
2018,7.0,julho,mata_atlantica,4123.0,8142.0
2018,8.0,agosto,mata_atlantica,1674.0,9816.0
2018,9.0,setembro,mata_atlantica,2153.0,11969.0
2018,10.0,outubro,mata_atlantica,1106.0,13075.0
2018,11.0,novembro,mata_atlantica,84.0,13159.0
2018,12.0,dezembro,mata_atlantica,136.0,13295.0
2019,1.0,janeiro,mata_atlantica,270.0,270.0
2019,2.0,fevereiro,mata_atlantica,290.0,560.0
2019,3.0,março,mata_atlantica,337.0,897.0
2019,4.0,abril,mata_atlantica,134.0,1031.0
2019,5.0,maio,mata_atlantica,193.0,1224.0
2019,6.0,junho,mata_atlantica,1593.0,2817.0
2019,7.0,julho,mata_atlantica,3323.0,6140.0
2019,8.0,agosto,mata_atlantica,4437.0,10577.0
2019,9.0,setembro,mata_atlantica,4443.0,15020.0
2019,10.0,outubro,mata_atlantica,2523.0,17543.0
2019,11.0,novembro,mata_atlantica,1401.0,18944.0
2019,12.0,dezembro,mata_atlantica,461.0,19405.0
2020,1.0,janeiro,mata_atlantica,481.0,481.0
2020,2.0,fevereiro,mata_atlantica,160.0,641.0
2020,3.0,março,mata_atlantica,239.0,880.0
2020,4.0,abril,mata_atlantica,2979.0,3859.0
2020,5.0,maio,mata_atlantica,837.0,4696.0
2020,6.0,junho,mata_atlantica,1911.0,6607.0
2020,7.0,julho,mata_atlantica,1706.0,8313.0
2020,8.0,agosto,mata_atlantica,3344.0,11657.0
2020,9.0,setembro,mata_atlantica,3398.0,15055.0
2020,10.0,outubro,mata_atlantica,2360.0,17415.0
2020,11.0,novembro,mata_atlantica,384.0,17799.0
2020,12.0,dezembro,mata_atlantica,129.0,17928.0
2021,1.0,janeiro,mata_atlantica,60.0,60.0
2021,2.0,fevereiro,mata_atlantica,187.0,247.0
2021,3.0,março,mata_atlantica,405.0,652.0
2021,4.0,abril,mata_atlantica,427.0,1079.0
2021,5.0,maio,mata_atlantica,1517.0,2596.0
2021,6.0,junho,mata_atlantica,1113.0,3709.0
2021,7.0,julho,mata_atlantica,4037.0,7746.0
2021,8.0,agosto,mata_atlantica,4682.0,12428.0
2021,9.0,setembro,mata_atlantica,6775.0,19203.0
2021,10.0,outubro,mata_atlantica,1272.0,20475.0
2021,11.0,novembro,mata_atlantica,272.0,20747.0
2021,12.0,dezembro,mata_atlantica,129.0,20876.0
2003,1.0,janeiro,pantanal,172.0,172.0
2003,2.0,fevereiro,pantanal,30.0,202.0
2003,3.0,março,pantanal,38.0,240.0
2003,4.0,abril,pantanal,56.0,296.0
2003,5.0,maio,pantanal,179.0,475.0
2003,6.0,junho,pantanal,260.0,735.0
2003,7.0,julho,pantanal,700.0,1435.0
2003,8.0,agosto,pantanal,1596.0,3031.0
2003,9.0,setembro,pantanal,3269.0,6300.0
2003,10.0,outubro,pantanal,1110.0,7410.0
2003,11.0,novembro,pantanal,468.0,7878.0
2003,12.0,dezembro,pantanal,34.0,7912.0
2004,1.0,janeiro,pantanal,255.0,255.0
2004,2.0,fevereiro,pantanal,165.0,420.0
2004,3.0,março,pantanal,130.0,550.0
2004,4.0,abril,pantanal,83.0,633.0
2004,5.0,maio,pantanal,47.0,680.0
2004,6.0,junho,pantanal,473.0,1153.0
2004,7.0,julho,pantanal,565.0,1718.0
2004,8.0,agosto,pantanal,2398.0,4116.0
2004,9.0,setembro,pantanal,10408.0,14524.0
2004,10.0,outubro,pantanal,3023.0,17547.0
2004,11.0,novembro,pantanal,312.0,17859.0
2004,12.0,dezembro,pantanal,233.0,18092.0
2005,1.0,janeiro,pantanal,2.0,2.0
2005,2.0,fevereiro,pantanal,70.0,72.0
2005,3.0,março,pantanal,97.0,169.0
2005,4.0,abril,pantanal,245.0,414.0
2005,5.0,maio,pantanal,716.0,1130.0
2005,6.0,junho,pantanal,3688.0,4818.0
2005,7.0,julho,pantanal,2886.0,7704.0
2005,8.0,agosto,pantanal,12515.0,20219.0
2005,9.0,setembro,pantanal,5633.0,25852.0
2005,10.0,outubro,pantanal,1377.0,27229.0
2005,11.0,novembro,pantanal,204.0,27433.0
2005,12.0,dezembro,pantanal,39.0,27472.0
2006,1.0,janeiro,pantanal,5.0,5.0
2006,2.0,fevereiro,pantanal,36.0,41.0
2006,3.0,março,pantanal,17.0,58.0
2006,4.0,abril,pantanal,8.0,66.0
2006,5.0,maio,pantanal,84.0,150.0
2006,6.0,junho,pantanal,503.0,653.0
2006,7.0,julho,pantanal,896.0,1549.0
2006,8.0,agosto,pantanal,2494.0,4043.0
2006,9.0,setembro,pantanal,2427.0,6470.0
2006,10.0,outubro,pantanal,404.0,6874.0
2006,11.0,novembro,pantanal,537.0,7411.0
2006,12.0,dezembro,pantanal,7.0,7418.0
2007,1.0,janeiro,pantanal,3.0,3.0
2007,2.0,fevereiro,pantanal,6.0,9.0
2007,3.0,março,pantanal,18.0,27.0
2007,4.0,abril,pantanal,98.0,125.0
2007,5.0,maio,pantanal,170.0,295.0
2007,6.0,junho,pantanal,479.0,774.0
2007,7.0,julho,pantanal,933.0,1707.0
2007,8.0,agosto,pantanal,3180.0,4887.0
2007,9.0,setembro,pantanal,10575.0,15462.0
2007,10.0,outubro,pantanal,2826.0,18288.0
2007,11.0,novembro,pantanal,358.0,18646.0
2007,12.0,dezembro,pantanal,53.0,18699.0
2008,1.0,janeiro,pantanal,8.0,8.0
2008,2.0,fevereiro,pantanal,15.0,23.0
2008,3.0,março,pantanal,22.0,45.0
2008,4.0,abril,pantanal,34.0,79.0
2008,5.0,maio,pantanal,73.0,152.0
2008,6.0,junho,pantanal,145.0,297.0
2008,7.0,julho,pantanal,733.0,1030.0
2008,8.0,agosto,pantanal,1475.0,2505.0
2008,9.0,setembro,pantanal,3983.0,6488.0
2008,10.0,outubro,pantanal,3068.0,9556.0
2008,11.0,novembro,pantanal,466.0,10022.0
2008,12.0,dezembro,pantanal,1231.0,11253.0
2009,1.0,janeiro,pantanal,612.0,612.0
2009,2.0,fevereiro,pantanal,183.0,795.0
2009,3.0,março,pantanal,119.0,914.0
2009,4.0,abril,pantanal,753.0,1667.0
2009,5.0,maio,pantanal,2047.0,3714.0
2009,6.0,junho,pantanal,678.0,4392.0
2009,7.0,julho,pantanal,744.0,5136.0
2009,8.0,agosto,pantanal,1645.0,6781.0
2009,9.0,setembro,pantanal,3452.0,10233.0
2009,10.0,outubro,pantanal,2737.0,12970.0
2009,11.0,novembro,pantanal,797.0,13767.0
2009,12.0,dezembro,pantanal,42.0,13809.0
2010,1.0,janeiro,pantanal,46.0,46.0
2010,2.0,fevereiro,pantanal,83.0,129.0
2010,3.0,março,pantanal,77.0,206.0
2010,4.0,abril,pantanal,222.0,428.0
2010,5.0,maio,pantanal,64.0,492.0
2010,6.0,junho,pantanal,1290.0,1782.0
2010,7.0,julho,pantanal,1358.0,3140.0
2010,8.0,agosto,pantanal,2542.0,5682.0
2010,9.0,setembro,pantanal,6989.0,12671.0
2010,10.0,outubro,pantanal,3059.0,15730.0
2010,11.0,novembro,pantanal,517.0,16247.0
2010,12.0,dezembro,pantanal,1496.0,17743.0
2011,1.0,janeiro,pantanal,84.0,84.0
2011,2.0,fevereiro,pantanal,4.0,88.0
2011,3.0,março,pantanal,,
2011,4.0,abril,pantanal,2.0,90.0
2011,5.0,maio,pantanal,13.0,103.0
2011,6.0,junho,pantanal,59.0,162.0
2011,7.0,julho,pantanal,262.0,424.0
2011,8.0,agosto,pantanal,695.0,1119.0
2011,9.0,setembro,pantanal,2117.0,3236.0
2011,10.0,outubro,pantanal,1003.0,4239.0
2011,11.0,novembro,pantanal,1618.0,5857.0
2011,12.0,dezembro,pantanal,1114.0,6971.0
2012,1.0,janeiro,pantanal,237.0,237.0
2012,2.0,fevereiro,pantanal,137.0,374.0
2012,3.0,março,pantanal,157.0,531.0
2012,4.0,abril,pantanal,61.0,592.0
2012,5.0,maio,pantanal,192.0,784.0
2012,6.0,junho,pantanal,159.0,943.0
2012,7.0,julho,pantanal,841.0,1784.0
2012,8.0,agosto,pantanal,4433.0,6217.0
2012,9.0,setembro,pantanal,4893.0,11110.0
2012,10.0,outubro,pantanal,1734.0,12844.0
2012,11.0,novembro,pantanal,241.0,13085.0
2012,12.0,dezembro,pantanal,181.0,13266.0
2013,1.0,janeiro,pantanal,120.0,120.0
2013,2.0,fevereiro,pantanal,102.0,222.0
2013,3.0,março,pantanal,200.0,422.0
2013,4.0,abril,pantanal,62.0,484.0
2013,5.0,maio,pantanal,98.0,582.0
2013,6.0,junho,pantanal,59.0,641.0
2013,7.0,julho,pantanal,147.0,788.0
2013,8.0,agosto,pantanal,430.0,1218.0
2013,9.0,setembro,pantanal,2878.0,4096.0
2013,10.0,outubro,pantanal,1133.0,5229.0
2013,11.0,novembro,pantanal,1005.0,6234.0
2013,12.0,dezembro,pantanal,341.0,6575.0
2014,1.0,janeiro,pantanal,58.0,58.0
2014,2.0,fevereiro,pantanal,74.0,132.0
2014,3.0,março,pantanal,8.0,140.0
2014,4.0,abril,pantanal,99.0,239.0
2014,5.0,maio,pantanal,8.0,247.0
2014,6.0,junho,pantanal,72.0,319.0
2014,7.0,julho,pantanal,109.0,428.0
2014,8.0,agosto,pantanal,268.0,696.0
2014,9.0,setembro,pantanal,521.0,1217.0
2014,10.0,outubro,pantanal,775.0,1992.0
2014,11.0,novembro,pantanal,176.0,2168.0
2014,12.0,dezembro,pantanal,23.0,2191.0
2015,1.0,janeiro,pantanal,112.0,112.0
2015,2.0,fevereiro,pantanal,69.0,181.0
2015,3.0,março,pantanal,19.0,200.0
2015,4.0,abril,pantanal,44.0,244.0
2015,5.0,maio,pantanal,54.0,298.0
2015,6.0,junho,pantanal,507.0,805.0
2015,7.0,julho,pantanal,279.0,1084.0
2015,8.0,agosto,pantanal,1985.0,3069.0
2015,9.0,setembro,pantanal,2478.0,5547.0
2015,10.0,outubro,pantanal,1057.0,6604.0
2015,11.0,novembro,pantanal,405.0,7009.0
2015,12.0,dezembro,pantanal,862.0,7871.0
2016,1.0,janeiro,pantanal,17.0,17.0
2016,2.0,fevereiro,pantanal,37.0,54.0
2016,3.0,março,pantanal,6.0,60.0
2016,4.0,abril,pantanal,41.0,101.0
2016,5.0,maio,pantanal,103.0,204.0
2016,6.0,junho,pantanal,159.0,363.0
2016,7.0,julho,pantanal,1056.0,1419.0
2016,8.0,agosto,pantanal,2166.0,3585.0
2016,9.0,setembro,pantanal,4656.0,8241.0
2016,10.0,outubro,pantanal,2594.0,10835.0
2016,11.0,novembro,pantanal,329.0,11164.0
2016,12.0,dezembro,pantanal,81.0,11245.0
2017,1.0,janeiro,pantanal,374.0,374.0
2017,2.0,fevereiro,pantanal,69.0,443.0
2017,3.0,março,pantanal,87.0,530.0
2017,4.0,abril,pantanal,30.0,560.0
2017,5.0,maio,pantanal,114.0,674.0
2017,6.0,junho,pantanal,171.0,845.0
2017,7.0,julho,pantanal,829.0,1674.0
2017,8.0,agosto,pantanal,2162.0,3836.0
2017,9.0,setembro,pantanal,4763.0,8599.0
2017,10.0,outubro,pantanal,1036.0,9635.0
2017,11.0,novembro,pantanal,187.0,9822.0
2017,12.0,dezembro,pantanal,7.0,9829.0
2018,1.0,janeiro,pantanal,22.0,22.0
2018,2.0,fevereiro,pantanal,,
2018,3.0,março,pantanal,7.0,29.0
2018,4.0,abril,pantanal,11.0,40.0
2018,5.0,maio,pantanal,53.0,93.0
2018,6.0,junho,pantanal,86.0,179.0
2018,7.0,julho,pantanal,318.0,497.0
2018,8.0,agosto,pantanal,669.0,1166.0
2018,9.0,setembro,pantanal,1583.0,2749.0
2018,10.0,outubro,pantanal,113.0,2862.0
2018,11.0,novembro,pantanal,3.0,2865.0
2018,12.0,dezembro,pantanal,229.0,3094.0
2019,1.0,janeiro,pantanal,531.0,531.0
2019,2.0,fevereiro,pantanal,538.0,1069.0
2019,3.0,março,pantanal,103.0,1172.0
2019,4.0,abril,pantanal,126.0,1298.0
2019,5.0,maio,pantanal,73.0,1371.0
2019,6.0,junho,pantanal,342.0,1713.0
2019,7.0,julho,pantanal,846.0,2559.0
2019,8.0,agosto,pantanal,3913.0,6472.0
2019,9.0,setembro,pantanal,6476.0,12948.0
2019,10.0,outubro,pantanal,5188.0,18136.0
2019,11.0,novembro,pantanal,2317.0,20453.0
2019,12.0,dezembro,pantanal,380.0,20833.0
2020,1.0,janeiro,pantanal,436.0,436.0
2020,2.0,fevereiro,pantanal,156.0,592.0
2020,3.0,março,pantanal,1036.0,1628.0
2020,4.0,abril,pantanal,2058.0,3686.0
2020,5.0,maio,pantanal,338.0,4024.0
2020,6.0,junho,pantanal,1076.0,5100.0
2020,7.0,julho,pantanal,3367.0,8467.0
2020,8.0,agosto,pantanal,10179.0,18646.0
2020,9.0,setembro,pantanal,14264.0,32910.0
2020,10.0,outubro,pantanal,5707.0,38617.0
2020,11.0,novembro,pantanal,1554.0,40171.0
2020,12.0,dezembro,pantanal,435.0,40606.0
2021,1.0,janeiro,pantanal,59.0,59.0
2021,2.0,fevereiro,pantanal,23.0,82.0
2021,3.0,março,pantanal,50.0,132.0
2021,4.0,abril,pantanal,111.0,243.0
2021,5.0,maio,pantanal,323.0,566.0
2021,6.0,junho,pantanal,434.0,1000.0
2021,7.0,julho,pantanal,1095.0,2095.0
2021,8.0,agosto,pantanal,3196.0,5291.0
2021,9.0,setembro,pantanal,8354.0,13645.0
2021,10.0,outubro,pantanal,4931.0,18576.0
2021,11.0,novembro,pantanal,318.0,18894.0
2021,12.0,dezembro,pantanal,325.0,19219.0
2003,1.0,janeiro,pampa,1.0,1.0
2003,2.0,fevereiro,pampa,3.0,4.0
2003,3.0,março,pampa,1.0,5.0
2003,4.0,abril,pampa,13.0,18.0
2003,5.0,maio,pampa,316.0,334.0
2003,6.0,junho,pampa,164.0,498.0
2003,7.0,julho,pampa,1504.0,2002.0
2003,8.0,agosto,pampa,383.0,2385.0
2003,9.0,setembro,pampa,86.0,2471.0
2003,10.0,outubro,pampa,6.0,2477.0
2003,11.0,novembro,pampa,6.0,2483.0
2003,12.0,dezembro,pampa,5.0,2488.0
2004,1.0,janeiro,pampa,13.0,13.0
2004,2.0,fevereiro,pampa,10.0,23.0
2004,3.0,março,pampa,55.0,78.0
2004,4.0,abril,pampa,281.0,359.0
2004,5.0,maio,pampa,84.0,443.0
2004,6.0,junho,pampa,553.0,996.0
2004,7.0,julho,pampa,349.0,1345.0
2004,8.0,agosto,pampa,155.0,1500.0
2004,9.0,setembro,pampa,18.0,1518.0
2004,10.0,outubro,pampa,51.0,1569.0
2004,11.0,novembro,pampa,10.0,1579.0
2004,12.0,dezembro,pampa,10.0,1589.0
2005,1.0,janeiro,pampa,20.0,20.0
2005,2.0,fevereiro,pampa,13.0,33.0
2005,3.0,março,pampa,362.0,395.0
2005,4.0,abril,pampa,32.0,427.0
2005,5.0,maio,pampa,72.0,499.0
2005,6.0,junho,pampa,320.0,819.0
2005,7.0,julho,pampa,194.0,1013.0
2005,8.0,agosto,pampa,90.0,1103.0
2005,9.0,setembro,pampa,17.0,1120.0
2005,10.0,outubro,pampa,8.0,1128.0
2005,11.0,novembro,pampa,13.0,1141.0
2005,12.0,dezembro,pampa,15.0,1156.0
2006,1.0,janeiro,pampa,21.0,21.0
2006,2.0,fevereiro,pampa,19.0,40.0
2006,3.0,março,pampa,78.0,118.0
2006,4.0,abril,pampa,99.0,217.0
2006,5.0,maio,pampa,435.0,652.0
2006,6.0,junho,pampa,235.0,887.0
2006,7.0,julho,pampa,536.0,1423.0
2006,8.0,agosto,pampa,410.0,1833.0
2006,9.0,setembro,pampa,20.0,1853.0
2006,10.0,outubro,pampa,,
2006,11.0,novembro,pampa,16.0,1869.0
2006,12.0,dezembro,pampa,1.0,1870.0
2007,1.0,janeiro,pampa,,
2007,2.0,fevereiro,pampa,1.0,1.0
2007,3.0,março,pampa,1.0,2.0
2007,4.0,abril,pampa,25.0,27.0
2007,5.0,maio,pampa,63.0,90.0
2007,6.0,junho,pampa,336.0,426.0
2007,7.0,julho,pampa,407.0,833.0
2007,8.0,agosto,pampa,110.0,943.0
2007,9.0,setembro,pampa,78.0,1021.0
2007,10.0,outubro,pampa,3.0,1024.0
2007,11.0,novembro,pampa,11.0,1035.0
2007,12.0,dezembro,pampa,4.0,1039.0
2008,1.0,janeiro,pampa,19.0,19.0
2008,2.0,fevereiro,pampa,33.0,52.0
2008,3.0,março,pampa,13.0,65.0
2008,4.0,abril,pampa,122.0,187.0
2008,5.0,maio,pampa,400.0,587.0
2008,6.0,junho,pampa,129.0,716.0
2008,7.0,julho,pampa,649.0,1365.0
2008,8.0,agosto,pampa,40.0,1405.0
2008,9.0,setembro,pampa,10.0,1415.0
2008,10.0,outubro,pampa,10.0,1425.0
2008,11.0,novembro,pampa,7.0,1432.0
2008,12.0,dezembro,pampa,20.0,1452.0
2009,1.0,janeiro,pampa,43.0,43.0
2009,2.0,fevereiro,pampa,10.0,53.0
2009,3.0,março,pampa,5.0,58.0
2009,4.0,abril,pampa,297.0,355.0
2009,5.0,maio,pampa,1248.0,1603.0
2009,6.0,junho,pampa,176.0,1779.0
2009,7.0,julho,pampa,207.0,1986.0
2009,8.0,agosto,pampa,201.0,2187.0
2009,9.0,setembro,pampa,5.0,2192.0
2009,10.0,outubro,pampa,1.0,2193.0
2009,11.0,novembro,pampa,,
2009,12.0,dezembro,pampa,12.0,2205.0
2010,1.0,janeiro,pampa,8.0,8.0
2010,2.0,fevereiro,pampa,1.0,9.0
2010,3.0,março,pampa,14.0,23.0
2010,4.0,abril,pampa,105.0,128.0
2010,5.0,maio,pampa,95.0,223.0
2010,6.0,junho,pampa,79.0,302.0
2010,7.0,julho,pampa,141.0,443.0
2010,8.0,agosto,pampa,271.0,714.0
2010,9.0,setembro,pampa,34.0,748.0
2010,10.0,outubro,pampa,33.0,781.0
2010,11.0,novembro,pampa,5.0,786.0
2010,12.0,dezembro,pampa,25.0,811.0
2011,1.0,janeiro,pampa,3.0,3.0
2011,2.0,fevereiro,pampa,,
2011,3.0,março,pampa,7.0,10.0
2011,4.0,abril,pampa,55.0,65.0
2011,5.0,maio,pampa,144.0,209.0
2011,6.0,junho,pampa,158.0,367.0
2011,7.0,julho,pampa,253.0,620.0
2011,8.0,agosto,pampa,144.0,764.0
2011,9.0,setembro,pampa,44.0,808.0
2011,10.0,outubro,pampa,8.0,816.0
2011,11.0,novembro,pampa,11.0,827.0
2011,12.0,dezembro,pampa,3.0,830.0
2012,1.0,janeiro,pampa,47.0,47.0
2012,2.0,fevereiro,pampa,38.0,85.0
2012,3.0,março,pampa,44.0,129.0
2012,4.0,abril,pampa,27.0,156.0
2012,5.0,maio,pampa,761.0,917.0
2012,6.0,junho,pampa,440.0,1357.0
2012,7.0,julho,pampa,349.0,1706.0
2012,8.0,agosto,pampa,236.0,1942.0
2012,9.0,setembro,pampa,13.0,1955.0
2012,10.0,outubro,pampa,6.0,1961.0
2012,11.0,novembro,pampa,3.0,1964.0
2012,12.0,dezembro,pampa,6.0,1970.0
2013,1.0,janeiro,pampa,11.0,11.0
2013,2.0,fevereiro,pampa,35.0,46.0
2013,3.0,março,pampa,69.0,115.0
2013,4.0,abril,pampa,21.0,136.0
2013,5.0,maio,pampa,61.0,197.0
2013,6.0,junho,pampa,42.0,239.0
2013,7.0,julho,pampa,303.0,542.0
2013,8.0,agosto,pampa,165.0,707.0
2013,9.0,setembro,pampa,30.0,737.0
2013,10.0,outubro,pampa,15.0,752.0
2013,11.0,novembro,pampa,17.0,769.0
2013,12.0,dezembro,pampa,14.0,783.0
2014,1.0,janeiro,pampa,3.0,3.0
2014,2.0,fevereiro,pampa,9.0,12.0
2014,3.0,março,pampa,14.0,26.0
2014,4.0,abril,pampa,36.0,62.0
2014,5.0,maio,pampa,57.0,119.0
2014,6.0,junho,pampa,31.0,150.0
2014,7.0,julho,pampa,376.0,526.0
2014,8.0,agosto,pampa,217.0,743.0
2014,9.0,setembro,pampa,6.0,749.0
2014,10.0,outubro,pampa,13.0,762.0
2014,11.0,novembro,pampa,,
2014,12.0,dezembro,pampa,,
2015,1.0,janeiro,pampa,4.0,4.0
2015,2.0,fevereiro,pampa,2.0,6.0
2015,3.0,março,pampa,24.0,30.0
2015,4.0,abril,pampa,144.0,174.0
2015,5.0,maio,pampa,614.0,788.0
2015,6.0,junho,pampa,260.0,1048.0
2015,7.0,julho,pampa,111.0,1159.0
2015,8.0,agosto,pampa,148.0,1307.0
2015,9.0,setembro,pampa,30.0,1337.0
2015,10.0,outubro,pampa,12.0,1349.0
2015,11.0,novembro,pampa,,
2015,12.0,dezembro,pampa,1.0,1350.0
2016,1.0,janeiro,pampa,6.0,6.0
2016,2.0,fevereiro,pampa,19.0,25.0
2016,3.0,março,pampa,13.0,38.0
2016,4.0,abril,pampa,8.0,46.0
2016,5.0,maio,pampa,61.0,107.0
2016,6.0,junho,pampa,671.0,778.0
2016,7.0,julho,pampa,323.0,1101.0
2016,8.0,agosto,pampa,328.0,1429.0
2016,9.0,setembro,pampa,46.0,1475.0
2016,10.0,outubro,pampa,34.0,1509.0
2016,11.0,novembro,pampa,4.0,1513.0
2016,12.0,dezembro,pampa,14.0,1527.0
2017,1.0,janeiro,pampa,7.0,7.0
2017,2.0,fevereiro,pampa,12.0,19.0
2017,3.0,março,pampa,5.0,24.0
2017,4.0,abril,pampa,23.0,47.0
2017,5.0,maio,pampa,90.0,137.0
2017,6.0,junho,pampa,283.0,420.0
2017,7.0,julho,pampa,942.0,1362.0
2017,8.0,agosto,pampa,188.0,1550.0
2017,9.0,setembro,pampa,15.0,1565.0
2017,10.0,outubro,pampa,12.0,1577.0
2017,11.0,novembro,pampa,12.0,1589.0
2017,12.0,dezembro,pampa,19.0,1608.0
2018,1.0,janeiro,pampa,17.0,17.0
2018,2.0,fevereiro,pampa,21.0,38.0
2018,3.0,março,pampa,32.0,70.0
2018,4.0,abril,pampa,76.0,146.0
2018,5.0,maio,pampa,130.0,276.0
2018,6.0,junho,pampa,93.0,369.0
2018,7.0,julho,pampa,85.0,454.0
2018,8.0,agosto,pampa,125.0,579.0
2018,9.0,setembro,pampa,4.0,583.0
2018,10.0,outubro,pampa,19.0,602.0
2018,11.0,novembro,pampa,5.0,607.0
2018,12.0,dezembro,pampa,8.0,615.0
2019,1.0,janeiro,pampa,4.0,4.0
2019,2.0,fevereiro,pampa,15.0,19.0
2019,3.0,março,pampa,32.0,51.0
2019,4.0,abril,pampa,55.0,106.0
2019,5.0,maio,pampa,25.0,131.0
2019,6.0,junho,pampa,184.0,315.0
2019,7.0,julho,pampa,712.0,1027.0
2019,8.0,agosto,pampa,260.0,1287.0
2019,9.0,setembro,pampa,59.0,1346.0
2019,10.0,outubro,pampa,21.0,1367.0
2019,11.0,novembro,pampa,13.0,1380.0
2019,12.0,dezembro,pampa,16.0,1396.0
2020,1.0,janeiro,pampa,19.0,19.0
2020,2.0,fevereiro,pampa,26.0,45.0
2020,3.0,março,pampa,200.0,245.0
2020,4.0,abril,pampa,4424.0,4669.0
2020,5.0,maio,pampa,669.0,5338.0
2020,6.0,junho,pampa,344.0,5682.0
2020,7.0,julho,pampa,151.0,5833.0
2020,8.0,agosto,pampa,200.0,6033.0
2020,9.0,setembro,pampa,11.0,6044.0
2020,10.0,outubro,pampa,27.0,6071.0
2020,11.0,novembro,pampa,18.0,6089.0
2020,12.0,dezembro,pampa,24.0,6113.0
2021,1.0,janeiro,pampa,21.0,21.0
2021,2.0,fevereiro,pampa,15.0,36.0
2021,3.0,março,pampa,28.0,64.0
2021,4.0,abril,pampa,137.0,201.0
2021,5.0,maio,pampa,431.0,632.0
2021,6.0,junho,pampa,37.0,669.0
2021,7.0,julho,pampa,349.0,1018.0
2021,8.0,agosto,pampa,123.0,1141.0
2021,9.0,setembro,pampa,9.0,1150.0
2021,10.0,outubro,pampa,15.0,1165.0
2021,11.0,novembro,pampa,30.0,1195.0
2021,12.0,dezembro,pampa,33.0,1228.0
